"airports","NYC","New York, NY","New York","NY"
"airports","CHI","Chicago, IL","Chicago","IL"
"airports","ORL","Orlando, FL","Orlando","FL"
"airports","PHL","Philadelphia, PA","Philadelphia","PA"
"airports","DFW","Dallas, TX","Dallas","TX"
"airports","HOU","Houston, TX","Houston","TX"
"airports","PHX","Phoenix, AZ","Phoenix","AZ"
"airports","ATL","Hartsfield - Jackson Atlanta International","Atlanta, GA","Atlanta","GA"
"airports","ORD","Chicago O'Hare International","Chicago, IL","Chicago","IL"
"airports","LAX","Los Angeles International","Los Angeles, CA","Los Angeles","CA"
"airports","DFW","Fort Worth, TX - Dallas/Fort Worth International","Dallas","Dallas"
"airports","DEN","Denver International","Denver, CO","Denver","CO"
"airports","JFK","John F Kennedy International","New York, NY","New York","NY"
"airports","LAS","McCarran International","Las Vegas, NV","Las Vegas","NV"
"airports","IAH","George Bush Intercontinental/Houston","Houston, TX","Houston","TX"
"airports","PHX","Phoenix Sky Harbor International","Phoenix, AZ","Phoenix","AZ"
"airports","SFO","San Francisco International","San Francisco, CA","San Francisco","CA"
"airports","CLT","Charlotte/Douglas International","Charlotte, NC","Charlotte","NC"
"airports","EWR","Newark Liberty International","Newark, NJ","Newark","NJ"
"airports","MCO","Orlando International","Orlando, FL","Orlando","FL"
"airports","MIA","Miami International","Miami, FL","Miami","FL"
"airports","MSP","Minneapolis-St Paul International/Wold-Chamberlain","Minneapolis, MN","Minneapolis","MN"
"airports","SEA","Seattle-Tacoma International","Seattle, WA","Seattle","WA"
"airports","DTW","Detroit Metropolitan Wayne County","Detroit, MI","Detroit","MI"
"airports","PHL","Philadelphia International","Philadelphia, PA","Philadelphia","PA"
"airports","BOS","General Edward Lawrence Logan Int'l","Boston, MA","Boston","MA"
"airports","IAD","Washington Dulles International","Washington, VA","Washington","VA"
"airports","LGA","La Guardia","New York, NY","New York","NY"
"airports","BWI","Baltimore/Washington International/Thurgood Marshal","Baltimore, MD","Baltimore","MD"
"airports","FLL","Fort Lauderdale/Hollywood International","Fort Lauderdale, FL","Fort Lauderdale","FL"
"airports","SLC","Salt Lake City International","Salt Lake City, UT","Salt Lake City","UT"
"airports","HNL","Honolulu International","Honolulu, HI","Honolulu","HI"
"airports","DCA","Ronald Reagan Washington National","Washington, VA","Washington","VA"
"airports","SAN","San Diego International","San Diego, CA","San Diego","CA"
"airports","TPA","Tampa International","Tampa, FL","Tampa","FL"
"airports","MDW","Chicago Midway International","Chicago, IL","Chicago","IL"
"airports","PDX","Portland International","Portland, OR","Portland","OR"
"airports","STL","Lambert-St Louis International","St. Louis, MO","St. Louis","MO"
"airports","CVG","Cincinnati/Northern Kentucky International","Covington, KY","Covington","KY"
"airports","MEM","Memphis International","Memphis, TN","Memphis","TN"
"airports","MCI","Kansas City International","Kansas City, MO","Kansas City","MO"
"airports","CLE","Cleveland-Hopkins International","Cleveland, OH","Cleveland","OH"
"airports","OAK","Metropolitan Oakland International","Oakland, CA","Oakland","CA"
"airports","SMF","Sacramento International","Sacramento, CA","Sacramento","CA"
"airports","RDU","Raleigh-Durham International","Raleigh/Durham, NC","Raleigh/Durham","NC"
"airports","BNA","Nashville International","Nashville, TN","Nashville","TN"
"airports","SNA","John Wayne Airport-Orange County","Santa Ana, CA","Santa Ana","CA"
"airports","SJC","Norman Y. Mineta San Jose International","San Jose, CA","San Jose","CA"
"airports","SJU","Luis Munoz Marin International","San Juan, PR","San Juan","PR"
"airports","HOU","William P Hobby","Houston, TX","Houston","TX"
"airports","AUS","Austin-Bergstrom International","Austin, TX","Austin","TX"
"airports","PIT","Pittsburgh International","Pittsburgh, PA","Pittsburgh","PA"
"airports","MSY","Louis Armstrong New Orleans International","New Orleans, LA","New Orleans","LA"
"airports","MKE","General Mitchell International","Milwaukee, WI","Milwaukee","WI"
"airports","SAT","San Antonio International","San Antonio, TX","San Antonio","TX"
"airports","IND","Indianapolis International","Indianapolis, IN","Indianapolis","IN"
"airports","DAL","Dallas Love Field","Dallas, TX","Dallas","TX"
"airports","RSW","Southwest Florida International","Fort Myers, FL","Fort Myers","FL"
"airports","CMH","Port Columbus International","Columbus, OH","Columbus","OH"
"airports","PBI","Palm Beach International","West Palm Beach, FL","West Palm Beach","FL"
"airports","ABQ","Albuquerque International Sunport","Albuquerque, NM","Albuquerque","NM"
"airports","JAX","Jacksonville International","Jacksonville, FL","Jacksonville","FL"
"airports","BUF","Buffalo Niagara International","Buffalo, NY","Buffalo","NY"
"airports","BDL","Bradley International","Windsor Locks, CT","Windsor Locks","CT"
"airports","OGG","Kahului","Kahului, HI","Kahului","HI"
"airports","ONT","Ontario International","Ontario, CA","Ontario","CA"
"airports","BUR","Bob Hope","Burbank, CA","Burbank","CA"
"airports","ANC","Ted Stevens Anchorage International","Anchorage, AK","Anchorage","AK"
"airports","PVD","Theodore Francis Green State","Providence, RI","Providence","RI"
"airports","OMA","Eppley Airfield","Omaha, NE","Omaha","NE"
"airports","RNO","Reno/Tahoe International","Reno, NV","Reno","NV"
"airports","TUS","Tucson International","Tucson, AZ","Tucson","AZ"
"airports","ORF","Norfolk International","Norfolk, VA","Norfolk","VA"
"airports","OKC","Will Rogers World","Oklahoma City, OK","Oklahoma City","OK"
"airports","RIC","Richmond International","Richmond, VA","Richmond","VA"
"airports","SDF","Louisville International-Standiford Field","Louisville, KY","Louisville","KY"
"airports","MHT","Manchester","Manchester, NH","Manchester","NH"
"airports","ELP","El Paso International","El Paso, TX","El Paso","TX"
"airports","GEG","Spokane International","Spokane, WA","Spokane","WA"
"airports","BHM","Birmingham-Shuttlesworth International","Birmingham, AL","Birmingham","AL"
"airports","TUL","Tulsa International","Tulsa, OK","Tulsa","OK"
"airports","LGB","Long Beach /Daugherty Field/","Long Beach, CA","Long Beach","CA"
"airports","BOI","Boise Air Terminal/Gowen Field","Boise, ID","Boise","ID"
"airports","ALB","Albany International","Albany, NY","Albany","NY"
"airports","KOA","Kona International at Keahole","Kailua/Kona, HI","Kailua/Kona","HI"
"airports","ROC","Greater Rochester International","Rochester, NY","Rochester","NY"
"airports","GUM","Guam International","Agana, GU","Agana","GU"
"airports","DAY","James M Cox Dayton International","Dayton, OH","Dayton","OH"
"airports","LIH","Lihue","Lihue, HI","Lihue","HI"
"airports","LIT","Adams Field","Little Rock, AR","Little Rock","AR"
"airports","CHS","Charleston AFB/International","Charleston, SC","Charleston","SC"
"airports","SYR","Syracuse Hancock International","Syracuse, NY","Syracuse","NY"
"airports","HPN","Westchester County","White Plains, NY","White Plains","NY"
"airports","COS","City of Colorado Springs Municipal","Colorado Springs, CO","Colorado Springs","CO"
"airports","ISP","Long Island MacArthur","New York, NY","New York","NY"
"airports","GRR","Gerald R. Ford International","Grand Rapids, MI","Grand Rapids","MI"
"airports","PWM","Portland International Jetport","Portland, ME","Portland","ME"
"airports","GSO","Piedmont Triad International","Greensboro, NC","Greensboro","NC"
"airports","DSM","Des Moines International","Des Moines, IA","Des Moines","IA"
"airports","SFB","Orlando Sanford International","Orlando, FL","Orlando","FL"
"airports","TYS","McGhee Tyson","Knoxville, TN","Knoxville","TN"
"airports","SAV","Savannah/Hilton Head International","Savannah, GA","Savannah","GA"
"airports","MSN","Dane County Regional-Truax Field","Madison, WI","Madison","WI"
"airports","PSP","Palm Springs International","Palm Springs, CA","Palm Springs","CA"
"airports","ICT","Wichita Mid-Continent","Wichita, KS","Wichita","KS"
"airports","CAK","Akron-Canton Regional","Akron, OH","Akron","OH"
"airports","MYR","Myrtle Beach International","Myrtle Beach, SC","Myrtle Beach","SC"
"airports","BTV","Burlington International","Burlington, VT","Burlington","VT"
"airports","PNS","Pensacola Gulf Coast Regional","Pensacola, FL","Pensacola","FL"
"airports","SRQ","Sarasota/Bradenton International","Sarasota/Bradenton, FL","Sarasota/Bradenton","FL"
"airports","ITO","Hilo International","Hilo, HI","Hilo","HI"
"airports","JAN","Jackson-Evers International","Jackson, MS","Jackson","MS"
"airports","GSP","Greenville Spartanburg International","Greer, SC","Greer","SC"
"airports","MDT","Harrisburg International","Harrisburg, PA","Harrisburg","PA"
"airports","STT","Cyril E King","Charlotte Amalie, VI","Charlotte Amalie","VI"
"airports","FAT","Fresno Yosemite International","Fresno, CA","Fresno","CA"
"airports","HSV","Huntsville International-Carl T Jones Field","Huntsville, AL","Huntsville","AL"
"airports","LBB","Lubbock Preston Smith International","Lubbock, TX","Lubbock","TX"
"airports","XNA","Northwest Arkansas Regional","Fayetteville/Springdale/, AR","Fayetteville/Springdale/","AR"
"airports","ACY","Atlantic City International","Atlantic City, NJ","Atlantic City","NJ"
"airports","CAE","Columbia Metropolitan","Columbia, SC","Columbia","SC"
"airports","PHF","Newport News/Williamsburg International","Newport News, VA","Newport News","VA"
"airports","FNT","Bishop International","Flint, MI","Flint","MI"
"airports","CID","The Eastern Iowa","Cedar Rapids, IA","Cedar Rapids","IA"
"airports","MLI","Quad City International","Moline, IL","Moline","IL"
"airports","LEX","Blue Grass","Lexington, KY","Lexington","KY"
"airports","FAI","Fairbanks International","Fairbanks, AK","Fairbanks","AK"
"airports","MAF","Midland International","Midland, TX","Midland","TX"
"airports","GPT","Gulfport-Biloxi International","Gulfport, MS","Gulfport","MS"
"airports","ILM","Wilmington International","Wilmington, NC","Wilmington","NC"
"airports","SGF","Springfield-Branson National","Springfield, MO","Springfield","MO"
"airports","BIL","Billings Logan International","Billings, MT","Billings","MT"
"airports","AMA","Rick Husband Amarillo International","Amarillo, TX","Amarillo","TX"
"airports","BGR","Bangor International","Bangor, ME","Bangor","ME"
"airports","GSN","Francisco C. Ada/Saipan International","Saipan Island, MP","Saipan Island","MP"
"airports","PIE","Clearwater, FL - St Petersburg-Clearwater International","St Petersburg","St Petersburg"
"airports","SBA","Santa Barbara Municipal","Santa Barbara, CA","Santa Barbara","CA"
"airports","ABE","Lehigh Valley International","Allentown, PA","Allentown","PA"
"airports","VPS","Eglin AFB","Valparaiso, FL","Valparaiso","FL"
"airports","HRL","Valley International","Harlingen, TX","Harlingen","TX"
"airports","MFE","McAllen Miller International","McAllen, TX","McAllen","TX"
"airports","TLH","Tallahassee Regional","Tallahassee, FL","Tallahassee","FL"
"airports","FAR","Hector International","Fargo, ND","Fargo","ND"
"airports","CRP","Corpus Christi International","Corpus Christi, TX","Corpus Christi","TX"
"airports","GRB","Austin Straubel International","Green Bay, WI","Green Bay","WI"
"airports","BTR","Baton Rouge Metropolitan, Ryan Field","Baton Rouge, LA","Baton Rouge","LA"
"airports","BZN","Gallatin Field","Bozeman, MT","Bozeman","MT"
"airports","EUG","Mahlon Sweet Field","Eugene, OR","Eugene","OR"
"airports","JNU","Juneau International","Juneau, AK","Juneau","AK"
"airports","FSD","Joe Foss Field","Sioux Falls, SD","Sioux Falls","SD"
"airports","BLI","Bellingham International","Bellingham, WA","Bellingham","WA"
"airports","SBN","South Bend Regional","South Bend, IN","South Bend","IN"
"airports","CHA","Lovell Field","Chattanooga, TN","Chattanooga","TN"
"airports","GCN","Grand Canyon National Park","Grand Canyon, AZ","Grand Canyon","AZ"
"airports","ROA","Roanoke Regional/Woodrum Field","Roanoke, VA","Roanoke","VA"
"airports","AVL","Asheville Regional","Asheville, NC","Asheville","NC"
"airports","IWA","Phoenix-Mesa Gateway","Phoenix, AZ","Phoenix","AZ"
"airports","MFR","Rogue Valley International - Medford","Medford, OR","Medford","OR"
"airports","JAC","Jackson Hole","Jackson, WY","Jackson","WY"
"airports","MSO","Missoula International","Missoula, MT","Missoula","MT"
"airports","MOB","Mobile Regional","Mobile, AL","Mobile","AL"
"airports","ATW","Outagamie County Regional","Appleton, WI","Appleton","WI"
"airports","RAP","Rapid City Regional","Rapid City, SD","Rapid City","SD"
"airports","FWA","Fort Wayne International","Fort Wayne, IN","Fort Wayne","IN"
"airports","PSC","Tri-Cities","Pasco, WA","Pasco","WA"
"airports","BMI","Central IL Regional Airport at Bloomington-Normal","Bloomington/Normal, IL","Bloomington/Normal","IL"
"airports","SHV","Shreveport Regional","Shreveport, LA","Shreveport","LA"
"airports","PIA","General Downing - Peoria International","Peoria, IL","Peoria","IL"
"airports","CRW","Yeager","Charleston, WV","Charleston","WV"
"airports","EYW","Key West International","Key West, FL","Key West","FL"
"airports","GRK","Robert Gray AAF","Fort Hood/Killeen, TX","Fort Hood/Killeen","TX"
"airports","FAY","Fayetteville Regional/Grannis Field","Fayetteville, NC","Fayetteville","NC"
"airports","GJT","Grand Junction Regional","Grand Junction, CO","Grand Junction","CO"
"airports","BQN","Rafael Hernandez","Aguadilla, PR","Aguadilla","PR"
"airports","RDM","Roberts Field","Redmond, OR","Redmond","OR"
"airports","TRI","Tri-Cities Regional TN/VA","Bristol/Johnson/Kingsport, TN","Bristol/Johnson/Kingsport","TN"
"airports","ASE","Aspen-Pitkin County/Sardy Field","Aspen, CO","Aspen","CO"
"airports","LFT","Lafayette Regional","Lafayette, LA","Lafayette","LA"
"airports","ACK","Nantucket Memorial","Nantucket, MA","Nantucket","MA"
"airports","AVP","Barre/Scranton, PA - Wilkes-Barre/Scranton International","Wilkes","Wilkes"
"airports","DAB","Daytona Beach International","Daytona Beach, FL","Daytona Beach","FL"
"airports","AGS","Augusta Regional at Bush Field","Augusta, GA","Augusta","GA"
"airports","SWF","Stewart International","Newburgh, NY","Newburgh","NY"
"airports","BVU","Boulder City Municipal","Boulder City, NV","Boulder City","NV"
"airports","MRY","Monterey Peninsula","Monterey, CA","Monterey","CA"
"airports","BIS","Bismarck Municipal","Bismarck, ND","Bismarck","ND"
"airports","EGE","Eagle County Regional","Eagle, CO","Eagle","CO"
"airports","CHO","Charlottesville-Albemarle","Charlottesville, VA","Charlottesville","VA"
"airports","TVC","Cherry Capital","Traverse City, MI","Traverse City","MI"
"airports","STX","Henry E Rohlsen","Christiansted, VI","Christiansted","VI"
"airports","MGM","Montgomery Regional (Dannelly Field)","Montgomery, AL","Montgomery","AL"
"airports","GPI","Glacier Park International","Kalispell, MT","Kalispell","MT"
"airports","AEX","Alexandria International","Alexandria, LA","Alexandria","LA"
"airports","EVV","Evansville Regional","Evansville, IN","Evansville","IN"
"airports","ECP","Northwest Florida Beaches International","Panama City, FL","Panama City","FL"
"airports","DRO","Durango-La Plata County","Durango, CO","Durango","CO"
"airports","GTF","Great Falls International","Great Falls, MT","Great Falls","MT"
"airports","CWA","Central Wisconsin","Mosinee, WI","Mosinee","WI"
"airports","MBS","MBS International","Saginaw, MI","Saginaw","MI"
"airports","LNK","Lincoln","Lincoln, NE","Lincoln","NE"
"airports","LAN","Capital Region International","Lansing, MI","Lansing","MI"
"airports","IDA","Idaho Falls Regional","Idaho Falls, ID","Idaho Falls","ID"
"airports","HYA","Barnstable Municipal-Boardman/Polando Field","Hyannis, MA","Hyannis","MA"
"airports","BET","Bethel","Bethel, AK","Bethel","AK"
"airports","AZO","Kalamazoo/Battle Creek International","Kalamazoo, MI","Kalamazoo","MI"
"airports","UNV","University Park","State College, PA","State College","PA"
"airports","GNV","Gainesville Regional","Gainesville, FL","Gainesville","FL"
"airports","RST","Rochester International","Rochester, MN","Rochester","MN"
"airports","DLH","Duluth International","Duluth, MN","Duluth","MN"
"airports","HDN","Yampa Valley","Hayden, CO","Hayden","CO"
"airports","ERI","Erie International/Tom Ridge Field","Erie, PA","Erie","PA"
"airports","OAJ","Albert J Ellis","Jacksonville, NC","Jacksonville","NC"
"airports","SBP","San Luis County Regional","San Luis Obispo, CA","San Luis Obispo","CA"
"airports","ELM","Elmira/Corning Regional","Elmira/Corning, NY","Elmira/Corning","NY"
"airports","EWN","Coastal Carolina Regional","New Bern, NC","New Bern","NC"
"airports","MLB","Melbourne International","Melbourne, FL","Melbourne","FL"
"airports","ITH","Ithaca Tompkins Regional","Ithaca, NY","Ithaca","NY"
"airports","IFP","Laughlin/Bullhead International","Bullhead City, AZ","Bullhead City","AZ"
"airports","LSE","La Crosse Municipal","La Crosse, WI","La Crosse","WI"
"airports","HTS","Tri-State/Milton J. Ferguson Field","Huntington, WV","Huntington","WV"
"airports","BFL","Meadows Field","Bakersfield, CA","Bakersfield","CA"
"airports","ACV","Arcata","Arcata/Eureka, CA","Arcata/Eureka","CA"
"airports","LRD","Laredo International","Laredo, TX","Laredo","TX"
"airports","BGM","Greater Binghamton/Edwin A Link Field","Binghamton, NY","Binghamton","NY"
"airports","GFK","Grand Forks International","Grand Forks, ND","Grand Forks","ND"
"airports","KTN","Ketchikan International","Ketchikan, AK","Ketchikan","AK"
"airports","RFD","Chicago/Rockford International","Chicago/Rockford, IL","Chicago/Rockford","IL"
"airports","TOL","Toledo Express","Toledo, OH","Toledo","OH"
"airports","MTJ","Montrose Regional","Montrose, CO","Montrose","CO"
"airports","STS","Charles M. Schulz - Sonoma County","Santa Rosa, CA","Santa Rosa","CA"
"airports","PSE","Mercedita","Ponce, PR","Ponce","PR"
"airports","HLN","Helena Regional","Helena, MT","Helena","MT"
"airports","CMI","University of Illinois-Willard","Champaign/Urbana, IL","Champaign/Urbana","IL"
"airports","LYH","Lynchburg Regional/Preston Glenn Field","Lynchburg, VA","Lynchburg","VA"
"airports","MLU","Monroe Regional","Monroe, LA","Monroe","LA"
"airports","ENA","Kenai Municipal","Kenai, AK","Kenai","AK"
"airports","ABI","Abilene Regional","Abilene, TX","Abilene","TX"
"airports","BRO","Brownsville/South Padre Island International","Brownsville, TX","Brownsville","TX"
"airports","ADQ","Kodiak","Kodiak, AK","Kodiak","AK"
"airports","NYL","Yuma MCAS/Yuma International","Yuma, AZ","Yuma","AZ"
"airports","FLO","Florence Regional","Florence, SC","Florence","SC"
"airports","FSM","Fort Smith Regional","Fort Smith, AR","Fort Smith","AR"
"airports","CPR","Casper/Natrona County International","Casper, WY","Casper","WY"
"airports","TYR","Tyler Pounds Regional","Tyler, TX","Tyler","TX"
"airports","CLL","Easterwood Field","College Station, TX","College Station","TX"
"airports","PBG","Plattsburgh International","Plattsburgh, NY","Plattsburgh","NY"
"airports","LAW","Lawton-Fort Sill Regional","Lawton, OK","Lawton","OK"
"airports","MOT","Minot International","Minot, ND","Minot","ND"
"airports","HXD","Hilton Head","Hilton Head Island, SC","Hilton Head Island","SC"
"airports","FLG","Flagstaff Pulliam","Flagstaff, AZ","Flagstaff","AZ"
"airports","ACT","Waco Regional","Waco, TX","Waco","TX"
"airports","MKK","Molokai","Kaunakakai, HI","Kaunakakai","HI"
"airports","PGD","Charlotte County","Punta Gorda, FL","Punta Gorda","FL"
"airports","1G4","Grand Canyon West","Peach Springs, AZ","Peach Springs","AZ"
"airports","SIT","Sitka Rocky Gutierrez","Sitka, AK","Sitka","AK"
"airports","LWS","Lewiston-Nez Perce County","Lewiston, ID","Lewiston","ID"
"airports","SJT","San Angelo Regional/Mathis Field","San Angelo, TX","San Angelo","TX"
"airports","YKM","Yakima Air Terminal/McAllister Field","Yakima, WA","Yakima","WA"
"airports","SBY","Salisbury-Ocean City Wicomico Regional","Salisbury, MD","Salisbury","MD"
"airports","PGV","Pitt-Greenville","Greenville, NC","Greenville","NC"
"airports","SPI","Abraham Lincoln Capital","Springfield, IL","Springfield","IL"
"airports","OTZ","Ralph Wien Memorial","Kotzebue, AK","Kotzebue","AK"
"airports","LCH","Lake Charles Regional","Lake Charles, LA","Lake Charles","LA"
"airports","OME","Nome","Nome, AK","Nome","AK"
"airports","RDD","Redding Municipal","Redding, CA","Redding","CA"
"airports","SAW","Sawyer International","Marquette, MI","Marquette","MI"
"airports","EAT","Pangborn Memorial","Wenatchee, WA","Wenatchee","WA"
"airports","SUN","Friedman Memorial","Hailey, ID","Hailey","ID"
"airports","CSG","Columbus Metropolitan","Columbus, GA","Columbus","GA"
"airports","SPS","Sheppard AFB/Wichita Falls Municipal","Wichita Falls, TX","Wichita Falls","TX"
"airports","SMX","Santa Maria Public/Capt. G Allan Hancock Field","Santa Maria, CA","Santa Maria","CA"
"airports","PPG","Pago Pago International","Pago Pago, AS","Pago Pago","AS"
"airports","LNY","Lanai","Lanai City, HI","Lanai City","HI"
"airports","MVY","Marthas Vineyard","Vineyard Haven, MA","Vineyard Haven","MA"
"airports","GUC","Gunnison-Crested Butte Regional","Gunnison, CO","Gunnison","CO"
"airports","DHN","Dothan Regional","Dothan, AL","Dothan","AL"
"airports","VLD","Valdosta Regional","Valdosta, GA","Valdosta","GA"
"airports","AKN","King Salmon","King Salmon, AK","King Salmon","AK"
"airports","BRW","Wiley Post-Will Rogers Memorial","Barrow, AK","Barrow","AK"
"airports","DBQ","Dubuque Regional","Dubuque, IA","Dubuque","IA"
"airports","SGU","St George Municipal","St. George, UT","St. George","UT"
"airports","HOM","Homer","Homer, AK","Homer","AK"
"airports","ROW","Roswell International Air Center","Roswell, NM","Roswell","NM"
"airports","GTR","Golden Triangle Regional","Columbus/W Point/Starkville, MS","Columbus/W Point/Starkville","MS"
"airports","BFI","Boeing Field/King County International","Seattle, WA","Seattle","WA"
"airports","ALW","Walla Walla Regional","Walla Walla, WA","Walla Walla","WA"
"airports","SUX","Sioux Gateway/Col. Bud Day Field","Sioux City, IA","Sioux City","IA"
"airports","ABY","Southwest Georgia Regional","Albany, GA","Albany","GA"
"airports","HVN","Tweed-New Haven","New Haven, CT","New Haven","CT"
"airports","PUW","Pullman/Moscow Regional","Pullman/Moscow,Id, WA","Pullman/Moscow"
"airports","SCC","Deadhorse","Deadhorse, AK","Deadhorse","AK"
"airports","FNL","Fort Collins-Loveland Municipal","Fort Collins/Loveland, CO","Fort Collins/Loveland","CO"
"airports","PGA","Page Municipal","Page, AZ","Page","AZ"
"airports","DLG","Dillingham","Dillingham, AK","Dillingham","AK"
"airports","SCK","Stockton Metropolitan","Stockton, CA","Stockton","CA"
"airports","BQK","Brunswick Golden Isles","Brunswick, GA","Brunswick","GA"
"airports","TWF","Joslin Field - Magic Valley Regional","Twin Falls, ID","Twin Falls","ID"
"airports","GCC","Gillette-Campbell County","Gillette, WY","Gillette","WY"
"airports","COU","Columbia Regional","Columbia, MO","Columbia","MO"
"airports","TXK","Texarkana Regional-Webb Field","Texarkana, AR","Texarkana","AR"
"airports","RHI","Rhinelander-Oneida County","Rhinelander, WI","Rhinelander","WI"
"airports","DUT","Unalaska","Unalaska, AK","Unalaska","AK"
"airports","COD","Yellowstone Regional","Cody, WY","Cody","WY"
"airports","VGT","North Las Vegas","Las Vegas, NV","Las Vegas","NV"
"airports","GRO","Rota International","Rota Island, MP","Rota Island","MP"
"airports","MOD","Modesto City County-Harry Sham Field","Modesto, CA","Modesto","CA"
"airports","BTM","Bert Mooney","Butte, MT","Butte","MT"
"airports","CRQ","McClellan-Palomar","Carlsbad, CA","Carlsbad","CA"
"airports","MHK","Manhattan Regional","Manhattan, KS","Manhattan","KS"
"airports","GGG","East Texas Regional","Longview, TX","Longview","TX"
"airports","CMX","Houghton County Memorial","Hancock, MI","Hancock","MI"
"airports","PLN","Pellston Regional Airport of Emmet County","Pellston, MI","Pellston","MI"
"airports","CIC","Chico Municipal","Chico, CA","Chico","CA"
"airports","SIG","Fernando Luis Ribas Dominicci","San Juan, PR","San Juan","PR"
"airports","OTH","Southwest Oregon Regional","North Bend, OR","North Bend","OR"
"airports","ALO","Waterloo Regional","Waterloo, IA","Waterloo","IA"
"airports","BJI","Bemidji Regional","Bemidji, MN","Bemidji","MN"
"airports","BPT","Jack Brooks Regional","Beaumont/Port Arthur, TX","Beaumont/Port Arthur","TX"
"airports","ABR","Aberdeen Regional","Aberdeen, SD","Aberdeen","SD"
"airports","PIH","Pocatello Regional","Pocatello, ID","Pocatello","ID"
"airports","VQS","Antonio Rivera Rodriguez","Isla De Vieques, PR","Isla De Vieques","PR"
"airports","EKO","Elko Regional","Elko, NV","Elko","NV"
"airports","TNI","Tinian International","Tinian Island, MP","Tinian Island","MP"
"airports","GRI","Central Nebraska Regional","Grand Island, NE","Grand Island","NE"
"airports","LMT","Klamath Falls","Klamath Falls, OR","Klamath Falls","OR"
"airports","IPT","Williamsport Regional","Williamsport, PA","Williamsport","PA"
"airports","RKS","Rock Springs-Sweetwater County","Rock Springs, WY","Rock Springs","WY"
"airports","MEI","Key Field","Meridian, MS","Meridian","MS"
"airports","PAH","Barkley Regional","Paducah, KY","Paducah","KY"
"airports","PSG","Petersburg James A Johnson","Petersburg, AK","Petersburg","AK"
"airports","YNG","Youngstown-Warren Regional","Youngstown/Warren, OH","Youngstown/Warren","OH"
"airports","ANI","Aniak","Aniak, AK","Aniak","AK"
"airports","MKG","Muskegon County","Muskegon, MI","Muskegon","MI"
"airports","INL","Falls International","International Falls, MN","International Falls","MN"
"airports","LBE","Arnold Palmer Regional","Latrobe, PA","Latrobe","PA"
"airports","BRD","Brainerd Lakes Regional","Brainerd, MN","Brainerd","MN"
"airports","CVX","Charlevoix Municipal","Charlevoix, MI","Charlevoix","MI"
"airports","CDV","Merle K (Mudhole) Smith","Cordova, AK","Cordova","AK"
"airports","LHD","Lake Hood","Anchorage, AK","Anchorage","AK"
"airports","RKD","Knox County Regional","Rockland, ME","Rockland","ME"
"airports","VDZ","Valdez Pioneer Field","Valdez, AK","Valdez","AK"
"airports","STC","St. Cloud Regional","St. Cloud, MN","St. Cloud","MN"
"airports","RIW","Riverton Regional","Riverton, WY","Riverton","WY"
"airports","SHR","Sheridan County","Sheridan, WY","Sheridan","WY"
"airports","PIR","Pierre Regional","Pierre, SD","Pierre","SD"
"airports","MBA","Manokotak","Manokotak, AK","Manokotak","AK"
"airports","PQI","Northern Maine Regional Airport at Presque Isle","Presque Isle, ME","Presque Isle","ME"
"airports","DRT","Del Rio International","Del Rio, TX","Del Rio","TX"
"airports","HGR","Hagerstown Regional-Richard A Henson Field","Hagerstown, MD","Hagerstown","MD"
"airports","CLM","William R Fairchild International","Port Angeles, WA","Port Angeles","WA"
"airports","TUP","Tupelo Regional","Tupelo, MS","Tupelo","MS"
"airports","EAU","Chippewa Valley Regional","Eau Claire, WI","Eau Claire","WI"
"airports","CIU","Chippewa County International","Sault Ste. Marie, MI","Sault Ste. Marie","MI"
"airports","PIB","Hattiesburg-Laurel Regional","Hattiesburg/Laurel, MS","Hattiesburg/Laurel","MS"
"airports","FHR","Friday Harbor","Friday Harbor, WA","Friday Harbor","WA"
"airports","CYS","Cheyenne Regional/Jerry Olson Field","Cheyenne, WY","Cheyenne","WY"
"airports","YAK","Yakutat","Yakutat, AK","Yakutat","AK"
"airports","OXR","Oxnard","Oxnard, CA","Oxnard","CA"
"airports","MGW","Morgantown Municipal-Walter L. Bill Hart Field","Morgantown, WV","Morgantown","WV"
"airports","EWB","New Bedford Regional","New Bedford, MA","New Bedford","MA"
"airports","PRC","Ernest A. Love Field","Prescott, AZ","Prescott","AZ"
"airports","CEC","Jack McNamara Field","Crescent City, CA","Crescent City","CA"
"airports","ISN","Sloulin Field International","Williston, ND","Williston","ND"
"airports","IYK","Inyokern","Inyokern, CA","Inyokern","CA"
"airports","MCW","Mason City Municipal","Mason City, IA","Mason City","IA"
"airports","FMN","Four Corners Regional","Farmington, NM","Farmington","NM"
"airports","WRG","Wrangell","Wrangell, AK","Wrangell","AK"
"airports","PVC","Provincetown Municipal","Provincetown, MA","Provincetown","MA"
"airports","OWB","Owensboro-Daviess County","Owensboro, KY","Owensboro","KY"
"airports","UNK","Unalakleet","Unalakleet, AK","Unalakleet","AK"
"airports","CKB","North Central West Virginia","Clarksburg, WV","Clarksburg","WV"
"airports","EAR","Kearney Regional","Kearney, NE","Kearney","NE"
"airports","BHB","Hancock County-Bar Harbor","Bar Harbor, ME","Bar Harbor","ME"
"airports","GCK","Garden City Regional","Garden City, KS","Garden City","KS"
"airports","ENM","Emmonak","Emmonak, AK","Emmonak","AK"
"airports","SAF","Santa Fe Municipal","Santa Fe, NM","Santa Fe","NM"
"airports","BFF","Western Nebraska Regional/William B. Heilig Field","Scottsbluff, NE","Scottsbluff","NE"
"airports","CDB","Cold Bay","Cold Bay, AK","Cold Bay","AK"
"airports","HIB","Range Regional","Hibbing, MN","Hibbing","MN"
"airports","DIK","Dickinson - Theodore Roosevelt Regional","Dickinson, ND","Dickinson","ND"
"airports","GST","Gustavus","Gustavus, AK","Gustavus","AK"
"airports","WST","Westerly State","Westerly, RI","Westerly","RI"
"airports","LAR","Laramie Regional","Laramie, WY","Laramie","WY"
"airports","BID","Block Island State","Block Island, RI","Block Island","RI"
"airports","SHD","Shenandoah Valley Regional","Staunton/Waynesboro/Harrisonburg, VA","Staunton/Waynesboro/Harrisonburg","VA"
"airports","JST","John Murtha Johnstown-Cambria County","Johnstown, PA","Johnstown","PA"
"airports","LBF","North Platte Regional Airport Lee Bird Field","North Platte, NE","North Platte","NE"
"airports","FYU","Fort Yukon","Fort Yukon, AK","Fort Yukon","AK"
"airports","CEZ","Cortez Municipal","Cortez, CO","Cortez","CO"
"airports","HNH","Hoonah","Hoonah, AK","Hoonah","AK"
"airports","APN","Alpena County Regional","Alpena, MI","Alpena","MI"
"airports","HYS","Hays Regional","Hays, KS","Hays","KS"
"airports","GAL","Edward G. Pitka Sr","Galena, AK","Galena","AK"
"airports","KSM","St Mary's","St Mary's, AK","St Mary's","AK"
"airports","HNS","Haines","Haines, AK","Haines","AK"
"airports","ESC","Delta County","Escanaba, MI","Escanaba","MI"
"airports","MSL","Northwest Alabama Regional","Muscle Shoals, AL","Muscle Shoals","AL"
"airports","TEX","Telluride Regional","Telluride, CO","Telluride","CO"
"airports","T44","Trident Basin","Kodiak, AK","Kodiak","AK"
"airports","SGY","Skagway","Skagway, AK","Skagway","AK"
"airports","AOO","Altoona-Blair County","Altoona, PA","Altoona","PA"
"airports","LCK","Rickenbacker International","Columbus, OH","Columbus","OH"
"airports","AQH","Quinhagak","Quinhagak, AK","Quinhagak","AK"
"airports","ILI","Iliamna","Iliamna, AK","Iliamna","AK"
"airports","MRI","Merrill Field","Anchorage, AK","Anchorage","AK"
"airports","GLH","Mid Delta Regional","Greenville, MS","Greenville","MS"
"airports","ALS","San Luis Valley Regional/Bergman Field","Alamosa, CO","Alamosa","CO"
"airports","SOV","Seldovia","Seldovia, AK","Seldovia","AK"
"airports","LBL","Liberal Mid-America Regional","Liberal, KS","Liberal","KS"
"airports","MMH","Mammoth Yosemite","Mammoth Lakes, CA","Mammoth Lakes","CA"
"airports","LEB","Lebanon Municipal","Lebanon, NH","Lebanon","NH"
"airports","PKB","Mid-Ohio Valley Regional","Parkersburg, WV","Parkersburg","WV"
"airports","ATY","Watertown Regional","Watertown, SD","Watertown","SD"
"airports","IPL","Imperial County","Imperial, CA","Imperial","CA"
"airports","VCT","Victoria Regional","Victoria, TX","Victoria","TX"
"airports","HPB","Hooper Bay","Hooper Bay, AK","Hooper Bay","AK"
"airports","VAK","Chevak","Chevak, AK","Chevak","AK"
"airports","CDC","Cedar City Regional","Cedar City, UT","Cedar City","UT"
"airports","IMT","Ford","Iron Mountain Kingsford, MI","Iron Mountain Kingsford","MI"
"airports","FOD","Fort Dodge Regional","Fort Dodge, IA","Fort Dodge","IA"
"airports","AHN","Athens/Ben Epps","Athens, GA","Athens","GA"
"airports","PUB","Pueblo Memorial","Pueblo, CO","Pueblo","CO"
"airports","IIK","Kipnuk","Kipnuk, AK","Kipnuk","AK"
"airports","DUJ","Dubois Regional","DuBois, PA","DuBois","PA"
"airports","D76","Robert /Bob/ Curtis Memorial","Noorvik, AK","Noorvik","AK"
"airports","MCG","McGrath","McGrath, AK","McGrath","AK"
"airports","TBN","Waynesville-St. Robert Regional Forney Field","Fort Leonard Wood (U.S. Army), MO","Fort Leonard Wood (U.S. Army)","MO"
"airports","SLK","Adirondack Regional","Saranac Lake, NY","Saranac Lake","NY"
"airports","WLK","Selawik","Selawik, AK","Selawik","AK"
"airports","LWB","Greenbrier Valley","Lewisburg, WV","Lewisburg","WV"
"airports","PHO","Point Hope","Point Hope, AK","Point Hope","AK"
"airports","CGA","Craig","Craig, AK","Craig","AK"
"airports","SOW","Show Low Regional","Show Low, AZ","Show Low","AZ"
"airports","RUT","Rutland - Southern Vermont Regional","Rutland, VT","Rutland","VT"
"airports","OOK","Toksook Bay","Toksook Bay, AK","Toksook Bay","AK"
"airports","MAZ","Eugenio Maria De Hostos","Mayaguez, PR","Mayaguez","PR"
"airports","WTK","Noatak","Noatak, AK","Noatak","AK"
"airports","MOU","Mountain Village","Mountain Village, AK","Mountain Village","AK"
"airports","LNS","Lancaster","Lancaster, PA","Lancaster","PA"
"airports","WYS","Yellowstone","West Yellowstone, MT","West Yellowstone","MT"
"airports","DUY","Kongiganak","Kongiganak, AK","Kongiganak","AK"
"airports","SVA","Savoonga","Savoonga, AK","Savoonga","AK"
"airports","DVL","Devils Lake Regional","Devils Lake, ND","Devils Lake","ND"
"airports","CNY","Canyonlands Field","Moab, UT","Moab","UT"
"airports","Z09","Kasigluk","Kasigluk, AK","Kasigluk","AK"
"airports","SDP","Sand Point","Sand Point, AK","Sand Point","AK"
"airports","SCM","Scammon Bay","Scammon Bay, AK","Scammon Bay","AK"
"airports","AKP","Anaktuvuk Pass","Anaktuvuk Pass, AK","Anaktuvuk Pass","AK"
"airports","PDT","Eastern Oregon Regional at Pendleton","Pendleton, OR","Pendleton","OR"
"airports","VEL","Vernal Regional","Vernal, UT","Vernal","UT"
"airports","JLN","Joplin Regional","Joplin, MO","Joplin","MO"
"airports","AWI","Wainwright","Wainwright, AK","Wainwright","AK"
"airports","AUG","Augusta State","Augusta, ME","Augusta","ME"
"airports","KEB","Nanwalek","Nanwalek, AK","Nanwalek","AK"
"airports","JHW","Chautauqua County/Jamestown","Jamestown, NY","Jamestown","NY"
"airports","GAM","Gambell","Gambell, AK","Gambell","AK"
"airports","JMS","Jamestown Regional","Jamestown, ND","Jamestown","ND"
"airports","ORS","Orcas Island","Eastsound, WA","Eastsound","WA"
"airports","CNM","Cavern City Air Terminal","Carlsbad, NM","Carlsbad","NM"
"airports","MTM","Metlakatla","Metlakatla, AK","Metlakatla","AK"
"airports","MWA","Williamson County Regional","Marion, IL","Marion","IL"
"airports","KVL","Kivalina","Kivalina, AK","Kivalina","AK"
"airports","2A9","Kotlik","Kotlik, AK","Kotlik","AK"
"airports","DDC","Dodge City Regional","Dodge City, KS","Dodge City","KS"
"airports","SHH","Shishmaref","Shishmaref, AK","Shishmaref","AK"
"airports","HLA","Huslia","Huslia, AK","Huslia","AK"
"airports","A61","Tuntutuliak","Tuntutuliak, AK","Tuntutuliak","AK"
"airports","AUK","Alakanuk","Alakanuk, AK","Alakanuk","AK"
"airports","TAL","Ralph M Calhoun Memorial","Tanana, AK","Tanana","AK"
"airports","MSS","Massena International-Richards Field","Massena, NY","Massena","NY"
"airports","6R7","Old Harbor","Old Harbor, AK","Old Harbor","AK"
"airports","IAN","Bob Baker Memorial","Kiana, AK","Kiana","AK"
"airports","GGV","Kwigillingok","Kwigillingok, AK","Kwigillingok","AK"
"airports","KLG","Kalskag","Kalskag, AK","Kalskag","AK"
"airports","SNP","St Paul Island","St Paul Island, AK","St Paul Island","AK"
"airports","CFK","Chefornak","Chefornak, AK","Chefornak","AK"
"airports","BVK","Buckland","Buckland, AK","Buckland","AK"
"airports","0AK","Pilot Station","Pilot Station, AK","Pilot Station","AK"
"airports","2A3","Larsen Bay","Larsen Bay, AK","Larsen Bay","AK"
"airports","4K5","Ouzinkie","Ouzinkie, AK","Ouzinkie","AK"
"airports","EEK","Eek","Eek, AK","Eek","AK"
"airports","MWH","Grant County International","Moses Lake, WA","Moses Lake","WA"
"airports","BTI","Barter Island LRRS","Barter Island Lrrs, AK","Barter Island Lrrs","AK"
"airports","SLN","Salina Municipal","Salina, KS","Salina","KS"
"airports","KVC","King Cove","King Cove, AK","King Cove","AK"
"airports","NUL","Nulato","Nulato, AK","Nulato","AK"
"airports","PGM","Port Graham","Port Graham, AK","Port Graham","AK"
"airports","SDY","Sidney-Richland Municipal","Sidney, MT","Sidney","MT"
"airports","MDM","Marshall Don Hunter Sr","Marshall, AK","Marshall","AK"
"airports","TLT","Tuluksak","Tuluksak, AK","Tuluksak","AK"
"airports","MBL","Manistee County-Blacker","Manistee, MI","Manistee","MI"
"airports","TVF","Thief River Falls Regional","Thief River Falls, MN","Thief River Falls","MN"
"airports","SMK","St Michael","St Michael, AK","St Michael","AK"
"airports","6N5","East 34th Street","New York, NY","New York","NY"
"airports","ORI","Port Lions","Port Lions, AK","Port Lions","AK"
"airports","WRL","Worland Municipal","Worland, WY","Worland","WY"
"airports","BKW","Raleigh County Memorial","Beckley, WV","Beckley","WV"
"airports","AQT","Nuiqsut","Nuiqsut, AK","Nuiqsut","AK"
"airports","BFD","Bradford Regional","Bradford, PA","Bradford","PA"
"airports","RSH","Russian Mission","Russian Mission, AK","Russian Mission","AK"
"airports","16A","Nunapitchuk","Nunapitchuk, AK","Nunapitchuk","AK"
